753778,PRASHANT65015,ball6trip,prashant.patil@zycus.com
753781,STEFFY40317,make6make,steffy.thomas@zycus.com
753779,PRATIK25601,take5kid,pratik.vora@zycus.com
756438,HINAL83054,pen8pop,hinal.shah@zycus.com
757579,MICHAELELANGO,puck4rope,michael.elango@zycus.com
756326,ZAKI69550,desk3ran,zaki0902@zycus.com
756327,ASHWINI83945,room2plate,ashwini.kamat@zycus.com
756329,G83423,stick4boat,monika.nawani@zycus.com
756328,HINAL32225,joke5goat,hinal.shah@zycus.com
756332,WERWER43346,coat9floor,ab@c.com
756333,AASDASD,home1sing,a@b.com
756998,PRABHAT47651,buy3mit,prabhat.sahu@zycus.com
756265,FGH05512,dip0kid,gaurav.shah@zycus.com
756267,FGH99121,stick9knot,gaurav.shah@zycus.com
756270,SUDHEER22173,hart7kid,sudheer_g1@zycus.com
756271,BHAVYA56507,roll2cap,bhavya.jain@zycus.com
756278,SUDHEER7,max9coat,User7@zycus.com
756276,SUDHEER5,fig4pond,User5@zycus.com
756275,SUDHEER4,jig7max,User4@zycus.com
756279,SUDHEER8,mouse1save,User8@zycus.com
756273,SUDHEER2,bird5ding,User2@zycus.com
756280,SUDHEER9,coat5trip,User9@zycus.com
756277,SUDHEER6,boat6make,User6@zycus.com
756330,JNJNDJ,home0couch,jj@tms.com
757386,ANU70527,ice3cap,anusha.n@zycus.com
757388,FIRST46942,cat9floor,mail@tms.com
756325,SHILKI,kin3bow,shilki.jaiswal@zycus.com
756331,DDSSDSSDS,copy4pig,cdmd@tms.com
756336,SUDHEER92923,bow5hip,sudheer_g4@zycus.com
818298,PRASAD59972,put3pop,prasad.vartak@zycus.com
818297,ASH09831,kid8bat,ashwini.kamat@zycus.com
839321,ANJALI08241,room5bird,anjali.singh@zycus.com
904881,TEST0566565,mars3note,quinton.pereira@zycus.com
839346,KC23367,mit7ran,kanchan.chijwani@zycus.com
839344,KANCHI,ran0hope,kanchan.chijwani@zycus.com
839345,KANCHAN34800,puck9mat,kanchan.chijwani@zycus.com
839323,RAHUL38909,stock2take,rpawar@outlook.com
839371,ASD26474,mouse5stock,asd@w.com
864678,RAHUL51236,gas9cat,mr@dr.com
874951,SUDHEER2689261,take0test,sudheer.g@zycus.com
874962,TEST1679112,ran6buy,radha.choudhary@zycus.com
874965,PRASHANT0291842,trick2stock,prashant.tripathi@zycus.com
874982,GFDGDF,exit3pong,dfgdfg@sdsdfds.com
874995,BEHIND,save2mit,hiks@gmail.com
757320,ASHWINI92666,bit7ship,ashwini.kamat@zycus.com
839319,ASD18960,exit4kid,gaurav.shah@zycus.com
839350,ASD54578,joke2dog,dfg@sdf.com
839373,ZXCD,floor1fish,wfsdg@fsdf.com
840370,FIRSTNAME_JSBEQ,puck3make,rs@zycus.com
874996,BEHIND4441214,cat6test,sa.jf@gmail.com
823181,SUDHEER71347,ship5desk,sudheer_g59@zycus.com
839331,ASDSA69912,car3exit,sadsa@fgh.com
874953,ASD9134424,pear4home,gaurav.shah@zycus.com
874972,TEST0987,ring8home,newpotentialsupp@zycus.com
874980,SONI2985535,rope0kin,sunenen@zycus.com
874983,TESTPOTENTIALSUPPLIER,chair6exit,testpotentialsupplier@zycus.com
874987,ASD9157913,pop0sit,gaurav.shah@zycus.com
757321,BHAVYA04339,code1luck,bhavya.jain@zycus.com
840372,FIRSTNAME_SCIA0,knot9mop,rs@zycus.com
864680,BHAVYA42915,coat2save,bhavya.jain@zycus.com
875354,VATSALYA,mat7pear,vatsalya.mishra@zycus.com
889176,KUNAL0174214,goat2plate,kunal.adhikari@zycus.com
756714,FIRST.TEST,bat8roll,first.test@gmail.com
756715,TRINA35989,plane6knot,trina.acharya@zycus.com
756338,FSDFSDF,plate0cap,a@b.com
756437,FIRST.TEST2,horse7sit,suraj.nauriyal@zycus.com
757046,TRINA98660,mat2luck,trina.acharya@zycus.com
840371,FIRSTNAME_RDSFN,rope7plane,rs@zycus.com
874958,A4664916,pig8room,moheel.pandey@zycus.com
874961,TEST8488846,dip9mop,prashant.tripathi@zycus.com
756334,SUDHEER51150,puck8bird,sudheer_g1@zycus.com
757392,KOW,roll0not,kowshik.preetham@zycus.com
839320,ASD61738,boat3done,gaurav.shah@zycus.com
840368,FIRSTNAME_TZMFN,hip2note,rs@zycus.com
840369,FIRSTNAME_YF3OE,puck4trip,rs@zycus.com
840411,SURAJ27388,copy2bit,suraj.nauriyal@zycus.com
864679,A50600,fan0floor,admin.aa@tms.com
874977,NEWWSUPPI,sit1gas,newsupi@zycus.com
778229,TRINA14247,buy9fog,Trina.a@zycus.com
874949,TEST0230740,dip5trick,bhavya.jain@zycus.com
756335,SUDHEER27024,pop1not,sudheer_g2@zycus.com
756345,GFHGFJ,couch6hop,fthhr@gmail.com
823180,SUDHEER47529,ding5hat,sudheer_g56@zycus.com
840343,DFG41317,meet2pen,dfg@df.com
874981,SGFFG,big2gas,dfdsg@fsdf.com
756337,ASD14650,trip8ding,ddd@fff.com
839326,RAULPWR,ran1sit,abc@abc.com
839324,PRASAD67069,luck1copy,prasad.vartak@zycus.com
839325,NAL96024,fan7pond,nalini.mp@zycus.com
839798,ASD57260,fan4run,dfg@sdf.com
875174,TESTPOTENTIALSUPPLIER123456789,man6exit,testpotentialsupplier123456789@zycus.com
875183,NEWPOTENTIALSUPPLIERQS@ZYCUS.COM,bye2sing,newpotentialsupplierqs@zycus.com
875193,NEWPOTENTIALSUPPLIEEERRRA,hat3floor,newpotentialsupplieeerrra@zycus.com
875195,VIVEK_NEW1,cap1sing,vivek_new1@zycus.com
875541,SIDDHARTH1461784,roll7ding,siddharth.shetty@zycus.com
875572,ANJALI1632873,ping8cat,anjali.singh@zycus.com
876734,TEST234,note4couch,test234@zycus.com
876738,NEWPOTENTIALSUPPLIER345NEW,mat5save,newpotentialsupplier345new@zycus.com
876840,TEST10532033,stock8meet,spoorthi.s@zycus.com
883885,JINAL,pig5make,sonakshi.bhatoa@zycus.com
884359,PALLAVI2632410,note4desk,pallavi.sakhare@zycus.com
884753,VISHAL7162932,hart7mit,vkc@gmail.com
884761,TEST4150463,coat2man,nitesh.singh@zycus.com
885190,AUTORANDOM_642736,bat3mars,AutoRandom853353@zycus.com
885424,HINAL2845578,great9knot,hinal.shah@zycus.com
886208,NATHAN3154931,floor1pond,sanjay.sarwa@tcs.com
875282,ASD1976571,joke5tack,gaurav.shah@zycus.com
875292,NITESH4626297,kid2pong,nitesh.singh@zycus.com
886680,PARTNER2552589,ring8write,Partner.T1@zycus.com
886681,TEST7254601,cap5pear,Pegdummysupplier1@zycus.com
903149,AUTORANDOM_475911,far7hart,AutoRandom627501@zycus.com
875016,12414,ding0chair,414144@ik.com
874997,JAI4402928,pear9hat,hiu.jsdf@gmail.com
840412,RAJ20061,room4dig,raj.jogi@zycus.com
874964,HINAL8863617,roll8dog,hinal.shah@zycus.com
860399,ANJALI60422,bye4sing,anjali.singh@zycus.com
840413,RAJ68096,sing1ping,raj.jogi@zycus.com
874976,SONIKAT,hat6bit,sonikat@zycus.com
884329,123123123,date7man,146@zycus.com
884328,401,hope9roll,04012019@zycus.com
884743,NITESH2317737,ding0horse,nitesh.singh@zycus.com
898798,AYEW,roll2ship,ayew.sandro1@tms.com
898799,SANA4551175,puck8truck,sana.sandro1@tms.com
898800,SARA7201483,date8code,sara.sandro1@tms.com
902295,AUTORANDOM_687731,bow9pond,AutoRandom640388@zycus.com
904918,QUINTON7936513,desk7stick,quinton.pereira@zycus.com
906402,TOM0911981,bit3bus,akshata.shelar@zycus.com
905696,PEGDUMMY,kid7bat,pegdummysupplier19@zycus.com
913996,DARSHAN9098071,truck1write,zu.supplier17@zycus.com
898880,FENJO6718099,rope1desk,fenjo.pulikken@zycus.com
903059,AUTORANDOM_919390,date2code,AutoRandom352245@zycus.com
903412,NITESH5029563,pig4par,niteshsingh667@gmail.com
905697,AUTORANDOM_684938,take4bake,AutoRandom695556@zycus.com
905698,PALLAVI4639266,pear9car,pallavi.sakhare@zycus.com
918240,DFSF9170229,ice9trip,c@gmail.com
918243,TEST7684841,meet6hart,test@gmail.com
898877,ROSE6100158,floor0put,rose@edge.com
902606,AUTORANDOM_606102,hop0test,AutoRandom688212@zycus.com
902612,AUTORANDOM_128001,bow0plate,AutoRandom485259@zycus.com
904782,AUTORANDOM_368112,fish4not,AutoRandom838924@zycus.com
905626,PALLAVI5788524,ding3mouse,pallavi.sakhare@zycus.com
902604,AUTORANDOM_489825,couch9camp,AutoRandom674626@zycus.com
905624,JAMES3601269,nod0done,abraham.alex@zycus.com
905826,AUTORANDOM_543478,pen8fog,AutoRandom861033@zycus.com
934947,TESTSPOO,boat2max,spoorthi@zycus.com
935864,TESTSPOO4870595,plane5pig,spoo@gmail.com
902605,AUTORANDOM_191398,put7truck,AutoRandom342420@zycus.com
902614,AUTORANDOM_160423,puck4fan,AutoRandom215893@zycus.com
902616,AUTORANDOM_942967,hip9desk,AutoRandom503122@zycus.com
903058,AUTORANDOM_340730,ding7bird,AutoRandom724869@zycus.com
903060,AUTORANDOM_657970,copy8car,AutoRandom139657@zycus.com
904022,AUTORANDOM_108641,put9hope,AutoRandom645298@zycus.com
914049,AUTORANDOM_334067,home7boat,AutoRandom224189@zycus.com
918274,JOHN0392412,ring6sit,hp@tms.com
928879,AUTORANDOM_305706,date7pong,AutoRandom377740@zycus.com
928889,TESTSPOORTHI,put2great,spoorthi@zycus.com
935839,TESTSPOO6707190,pop5trick,spoo@gmail.com
898878,SEAN0753430,mop9make,sean@edge.com
905836,AUTORANDOM_185337,home0hart,AutoRandom754550@zycus.com
906560,AUTORANDOM_665920,write1jig,AutoRandom576298@zycus.com
913966,AUTORANDOM_998466,copy7not,AutoRandom631860@zycus.com
899300,SUDHEER3654088,trick4run,sudheer_g1@zycus.com
902613,AUTORANDOM_804835,cap5horse,AutoRandom361291@zycus.com
905689,PALLAVI7233394,tack3big,pallavi.sakhare@zycus.com
906412,FRONTECH,pen9par,frontech@FTL.com
906416,ABIGN,pop4roll,akshata.shelar@zycus.com
918275,TEST5779641,hip7jig,test@gmail.com
974662,AUTORANDOM_180245,far1pig,AutoRandom344282@zycus.com
902611,AUTORANDOM_442168,exit0pear,AutoRandom715632@zycus.com
903057,AUTORANDOM_380698,cat8write,AutoRandom130669@zycus.com
903407,ASD1917325,stock7fig,4dfg@sg.com
905500,AUTORANDOM_495833,plane7desk,AutoRandom731736@zycus.com
905528,ASD4654434,pong8couch,sdfsd@sdf.com
905686,AUTORANDOM_452858,pig4mop,AutoRandom641331@zycus.com
905889,SDF1603132,couch2hart,sdf@sdf.com
903074,AUTORANDOM_791362,make8pop,AutoRandom672049@zycus.com
903398,PRADNYA1680702,pong1cat,pradnya.satte@zycus.com
904001,AUTORANDOM_186836,room5pear,AutoRandom349269@zycus.com
904023,AUTORANDOM_707467,song5tack,AutoRandom494818@zycus.com
905487,AUTORANDOM_627342,max2date,AutoRandom117874@zycus.com
905625,AUTORANDOM_617862,mit6bat,AutoRandom588573@zycus.com
905688,AUTORANDOM_308832,knot2hart,AutoRandom136183@zycus.com
905800,AUTORANDOM_466175,floor8ice,AutoRandom267457@zycus.com
906357,AUTORANDOM_175007,write7pig,AutoRandom667540@zycus.com
913937,AUTORANDOM_820173,mars9tack,AutoRandom883818@zycus.com
974967,XMASTER,hope2truck,ASD@wer.com
889332,FN14957035,put0ripe,email1@zycus.com
902615,KJHGF,hope8kin,anjali.singh@zycus.com
903410,PRADNYA9803687,home6joke,pradnya2@zycus.com
914013,SATYA9403893,dip1bus,satya.jha@zycus.com
914014,DARSHITA,par9fish,DARSHITA.MITTAL@ZYCUS.COM
974836,AUTORANDOM_567631,ice5done,AutoRandom255237@zycus.com
977917,DARSHITA3846042,trip5note,darshita.mittal@zycus.com
978629,AUTORANDOM_552702,jig4hop,AutoRandom554841@zycus.com
886777,SUMIT244,take2ding,sumit245455@zycus.com
903406,JOHN0017979,great1fog,john.wick@zycus.com
903968,AUTORANDOM_557642,car5ship,AutoRandom684514@zycus.com
903972,AUTORANDOM_683718,ship3bow,AutoRandom796666@zycus.com
977537,AUTORANDOM_398555,puck2bus,AutoRandom620359@zycus.com
977577,DFHTRUJ,great7couch,sdfgfh2fgh@dfh.com
977769,AUTORANDOM_249042,hip7bye,AutoRandom677029@zycus.com
977908,M8584766,cat4meet,mahesh.pujare@zycus.com
977910,A4874549,kin7ice,mahesh.pujare@zycus.com
977911,A8044722,truck5ding,moheel.pandey@zycus.com
988545,AUTORANDOM_123344,kid5exit,AutoRandom739547@zycus.com
988573,AKSHATA9898585,meet4great,akshata.shelar@zycus.com
988578,SUDHEER1446677,note7far,sudheer.g@zycus.com
887956,FREDDY7414779,hat0take,freddy.fernanades@zycus.com
902610,AVCAVC,min3sing,cxcds@hajh.com
904834,ANJ7123841,dog5save,anjali.singh@zycus.com
914044,WER1918417,rope9stage,ghdgvdx@wer.com
977914,PALLAVI9087066,small9make,pallavi.sakhare@zycus.com
978627,AUTORANDOM_989674,kid6pen,AutoRandom961217@zycus.com
988569,MADHUSHREE,song4bye,madhushree.sinkar@zycus.com
988571,MADHUSHREE6275981,ring1meet,asf@dg.com
889334,FN21249692,exit0boat,email2@zycus.com
898890,ARTHUR2213306,ding4max,asong@uog.com
906405,DEVID,put0puck,akshata.shelar@zycus.com
914015,SATYA2050472,dig8par,SATYA.JHA@ZYCUS.COM
935858,TESTSPOO1160493,save5sing,spoorthi@gmail.com
974792,AUTORANDOM_890138,horse2man,AutoRandom945893@zycus.com
974939,AUTORANDOM_523677,par0plane,AutoRandom520650@zycus.com
978630,PALLAVI2974785,stick1write,pallavi.sakhare@zycus.com
988582,ASD4974149,knot5knot,gaurav.shah@zycus.com
913981,BHARGAVI7132556,hip2camp,bhargavi.qa@zycus.com
977907,A3492806,test1goat,moheel.pandey@zycus.com
978628,PALLAVI4428922,fig0bus,pallavi.sakhare@zycus.com
978675,AUTORANDOM_859804,not2dig,AutoRandom555262@zycus.com
978677,AUTORANDOM_862950,write2truck,AutoRandom169742@zycus.com
988559,10486782,big0bird,moheel.pandey@zycus.com
988580,PRADNYA8530976,write1room,pradnya.satte28@zycus.com
988583,ASD2785257,car3bird,dsgdsf@dsf.com
898734,PEGDUMMY4,rope7ding,Pegdummysupplier4@zycus.com
898889,AVI1461736,puck1bit,agreen@uog.com
902183,JANE8255299,ball9luck,Jane.doe@test.com
905694,PERFECT6277857,test7desk,abraham.alex@zycus.com
906439,JERRY9799409,far0mit,akshata.shelar@zycus.com
978676,PALLAVI2446171,fan8bow,pallavi.sakhare@zycus.com
988557,YELLOW0279222,roll7big,yellow@zycus.com
988581,SHAILESH3854182,jig2rope,shailesh.more@zycus.com
886883,NATHAN5998708,save0ran,sanjay.sarwa@tcs.com
898891,LAUREN5637167,song7mouse,lboyle@uog.com
898894,MARC7595530,ping8bye,info@salesforce.com
903405,JOHN1173614,date2pond,john.wick@zycus.com
903409,ANJALI5026100,horse8boat,anjali.singh@zycus.com
904835,ANJ6716535,done1bird,anjali.singh@zycus.com
913934,XYZ123,mop9truck,ZXC@xcv.com
935509,TESTSPOO7482314,truck6truck,spoorthi@gmail.com
974947,AUTORANDOM_874443,trick5boat,AutoRandom668929@zycus.com
977913,AUTORANDOM_548051,pond9hart,AutoRandom856449@zycus.com
988540,ASD8899040,room3hip,gaurav.shah@zycus.com
988556,SUDHEER1367685,camp5luck,sudheer.g@zycus.com
886718,VIVEK2987,coat7kin,vivek2987@zycus.com
886884,VIVEK6168091,save0take,sanjay.sarwa@tcs.com
889183,TEST3999857,roll4sing,test@abc.com
898738,SDGGFH,hope8bird,dfhdsdg@DFGIUGIJ.COM
898892,STELLA4264816,pond1jar,spavlova@uog.com
903016,4TFD,home1ran,dvxc@cio.com
903372,TIM9124690,knot7song,abraham.alex@zycus.com
903385,MR.7388631,hat4bus,abraham.alex@zycus.com
905622,DFGD,chair2exit,dfg@sdf.com
906396,TOM0629589,nod3desk,hyder.nagori@zycus.com
913982,BHARGAVI9093261,pong8jar,bhargavi.test@zycus.com
974803,ZYCUS4022495,nod4sing,reema.bhosale@zycus.com
977895,DARSHITA9149319,pear5kin,darshita.mittal@zycus.com
977909,A3399654,boat4small,moheel.pandey@zycus.com
977912,AUTORANDOM_100672,max8date,AutoRandom144831@zycus.com
978678,PALLAVI2305021,exit1run,pallavi.sakhare@zycus.com
988555,PEGDUMMYSUPPLIER268815455,ripe6kin,Pegdummysupplier26@zycus.com
988577,PEGDUMMY6577504,stage8rope,pegdummysupplier28@zycus.com