282754,ASD1230912591,ball8kin,dfsd@adf1.com
282755,ASD1236174096,man8fog,dfsd@adf1.com
282756,ASD1236587014,plane5dig,dfsd@adf1.com
282757,ASD1234635465,cap4pig,dfsd@adf1.com
282758,ASD1235657114,hope9mop,dfsd@adf1.com
282759,ASD1231397355,sit3mit,dfsd@adf1.com
282760,ASD1233388362,small5pop,dfsd@adf1.com
282761,ASD1236328398,great6gas,dfsd@adf1.com
282762,ASD1236644099,couch4hat,dfsd@adf1.com
282763,ASD1234416708,goat0pond,dfsd@adf1.com
282764,ASD1233100718,dig5pond,dfsd@adf1.com
282765,ASD1234438397,fog2hop,dfsd@adf1.com
282766,ASD1235417256,put7trick,dfsd@adf1.com
282767,ASD1239568753,truck7dog,dfsd@adf1.com
282768,ASD1238521224,pop9dog,dfsd@adf1.com
282769,ASD1236221785,camp9truck,dfsd@adf1.com
282770,ASD1236422381,make6ship,dfsd@adf1.com
282771,ASD1233267522,pig0nod,dfsd@adf1.com
282772,ASD1231688259,big0pop,dfsd@adf1.com
282773,ASD1238293102,puck7par,dfsd@adf1.com
282774,ASD1237560129,hat4stick,dfsd@adf1.com
282775,ASD1239034300,hope8min,dfsd@adf1.com
282776,ASD1235212187,bird5ring,dfsd@adf1.com
282777,ASD1234955971,big4bus,dfsd@adf1.com
282778,ASD1238823141,dip8nod,dfsd@adf1.com
282779,ASD1237306502,sing5test,dfsd@adf1.com
282780,ASD1239807070,kin4pop,dfsd@adf1.com
282781,ASD1232072459,bus7min,dfsd@adf1.com
282782,ASD1231014886,mouse8stick,dfsd@adf1.com
282783,ASD1233031283,man8meet,dfsd@adf1.com
282784,ASD1238150576,pop5mouse,dfsd@adf1.com
282785,ASD1235614300,sit3bow,dfsd@adf1.com
282786,ASD1231635491,trick4horse,dfsd@adf1.com
282787,ASD1233278093,roll8date,dfsd@adf1.com
282788,ASD1239193511,pen5copy,dfsd@adf1.com
282789,ASD1238424119,ring1take,dfsd@adf1.com
282790,ASD1230420215,stock8min,dfsd@adf1.com
282791,ASD1239145351,rope6min,dfsd@adf1.com
282792,ASD1236346990,pond3kin,dfsd@adf1.com
282793,ASD1230912062,man4ring,dfsd@adf1.com
282794,ASD1232729113,hat1desk,dfsd@adf1.com
282795,ASD1231089997,floor9exit,dfsd@adf1.com
282796,ASD1237594445,kin9run,dfsd@adf1.com
282797,ASD1231422998,par1stick,dfsd@adf1.com
282798,ASD1235011829,note1room,dfsd@adf1.com
282799,ASD1234474631,date7ice,dfsd@adf1.com
282800,ASD1235507275,jar5ran,dfsd@adf1.com
282801,ASD1239831718,jig6dig,dfsd@adf1.com
282802,ASD1232909345,mouse4joke,dfsd@adf1.com
282803,ASD1232605520,coat0stock,dfsd@adf1.com
282804,ASD1230387119,bat5done,dfsd@adf1.com
282805,ASD1233558361,save5ship,dfsd@adf1.com
282806,ASD1239204907,mit3cap,dfsd@adf1.com
282807,ASD1237825710,meet2car,dfsd@adf1.com
282808,ASD1230314330,ice4buy,dfsd@adf1.com
282809,ASD1238643485,small8stick,dfsd@adf1.com
282810,ASD1235799237,plane4min,dfsd@adf1.com
282811,ASD1237331071,tack1bake,dfsd@adf1.com
282812,ASD1237751417,goat1ran,dfsd@adf1.com
282813,ASD1239782066,ding5ball,dfsd@adf1.com
282814,ASD1231160535,bit9fish,dfsd@adf1.com
282815,ASD1239293032,dig8jig,dfsd@adf1.com
282816,ASD1233531818,stock1goat,dfsd@adf1.com
282817,ASD1232287874,jar4pen,dfsd@adf1.com
282818,ASD1232287652,stick6copy,dfsd@adf1.com
282819,ASD1236600359,dog1mat,dfsd@adf1.com
282820,ASD1235558541,pen1min,dfsd@adf1.com
282821,ASD1235844525,rope0pond,dfsd@adf1.com
282822,ASD1238125229,buy0tack,dfsd@adf1.com
282823,ASD1230073286,fan1ding,dfsd@adf1.com
282824,ASD1231343833,pond4floor,dfsd@adf1.com
282825,ASD1234596719,done8bit,dfsd@adf1.com
282826,ASD1239582466,jar2couch,dfsd@adf1.com
282828,ASD1230640183,mit7ran,dfsd@adf1.com
282829,ASD1230644951,plane8take,dfsd@adf1.com
282830,ASD1239832583,take9mouse,dfsd@adf1.com
282831,ASD1237866340,sit4bat,dfsd@adf1.com
282832,ASD1236844599,boat6dig,dfsd@adf1.com
282833,ASD1238329279,pond6pop,dfsd@adf1.com
282834,ASD1237407936,song4truck,dfsd@adf1.com
282835,ASD1233136096,put4pond,dfsd@adf1.com
282836,ASD1233602260,bird8camp,dfsd@adf1.com
282837,ASD1234822443,knot7bow,dfsd@adf1.com
282838,ASD1233756119,trick8trick,dfsd@adf1.com
282839,ASD1235714288,date9hat,dfsd@adf1.com
282840,ASD1236092248,hope6hart,dfsd@adf1.com
282841,ASD1238499955,buy5fish,dfsd@adf1.com
282842,ASD1236385296,mit2hat,dfsd@adf1.com
282843,ASD1238349355,hat7roll,dfsd@adf1.com
282844,ASD1234847257,write1ran,dfsd@adf1.com
282845,ASD1230314486,camp3dip,dfsd@adf1.com
282846,ASD1238502390,floor2not,dfsd@adf1.com
282847,ASD1234630163,code9couch,dfsd@adf1.com
282848,ASD1233640752,save0mouse,dfsd@adf1.com
282849,ASD1234974203,run0ice,dfsd@adf1.com
282850,ASD1236135636,meet7bat,dfsd@adf1.com
282851,ASD1232470292,trick6meet,dfsd@adf1.com
282852,ASD1231969261,mars9pig,dfsd@adf1.com
282853,ASD1238109414,test3dig,dfsd@adf1.com
282854,ASD1234133412,not5stage,dfsd@adf1.com
282855,ASD1232867893,ripe3hip,dfsd@adf1.com
282856,ASD1236964065,save8par,dfsd@adf1.com
282857,ASD1232809198,write4floor,dfsd@adf1.com
282858,ASD1233144145,hat2mars,dfsd@adf1.com
282859,ASD1233226110,copy0tack,dfsd@adf1.com
282860,ASD1239185729,cat7trip,dfsd@adf1.com
282861,ASD1233919414,buy3trick,dfsd@adf1.com
282862,ASD1230707473,take9cat,dfsd@adf1.com
282863,ASD1237185049,bit5take,dfsd@adf1.com
282864,ASD1231686542,horse5pear,dfsd@adf1.com
282865,ASD1231315806,fan9bye,dfsd@adf1.com
282866,ASD1230924757,horse7knot,dfsd@adf1.com
282867,ASD1238394787,note7rope,dfsd@adf1.com
282868,ASD1231970070,make8man,dfsd@adf1.com
282869,ASD1234000614,plate4max,dfsd@adf1.com
282870,ASD1238827390,hat5ding,dfsd@adf1.com
282871,ASD1233949960,hat1put,dfsd@adf1.com
282872,ASD1232033692,camp9jar,dfsd@adf1.com
282873,ASD1235318439,put2hip,dfsd@adf1.com
282874,ASD1237524286,gas3stage,dfsd@adf1.com
282875,ASD1234309952,max8fish,dfsd@adf1.com
282876,ASD1232549088,ping6goat,dfsd@adf1.com
282877,ASD1235846833,done5far,dfsd@adf1.com
282878,ASD1238485279,great7bit,dfsd@adf1.com
282879,ASD1230444742,pond6not,dfsd@adf1.com
282880,ASD1233417333,run7copy,dfsd@adf1.com
282881,ASD1234589343,bye8pop,dfsd@adf1.com
282882,ASD1237905091,hope2ice,dfsd@adf1.com
282883,ASD1235674972,dip1min,dfsd@adf1.com
282884,ASD1234429359,cat6pong,dfsd@adf1.com
282885,ASD1230983555,dig2exit,dfsd@adf1.com
282886,ASD1234992889,min9ship,dfsd@adf1.com
282887,ASD1239215823,dig4floor,dfsd@adf1.com
282888,ASD1236569203,floor2bat,dfsd@adf1.com
282889,ASD1239933886,make2chair,dfsd@adf1.com
282890,ASD1231245352,ran4hope,dfsd@adf1.com
282891,ASD1230787794,bye0jar,dfsd@adf1.com
282892,ASD1236616601,stock8far,dfsd@adf1.com
282893,ASD1239588681,stock6mit,dfsd@adf1.com
282894,ASD1233286576,stick8puck,dfsd@adf1.com
282895,ASD1230823502,jar8done,dfsd@adf1.com
282896,ASD1235137108,gas7test,dfsd@adf1.com
282897,ASD1236903420,camp8fig,dfsd@adf1.com
282898,ASD1235696002,bird5jig,dfsd@adf1.com
282899,ASD1238778125,stock8desk,dfsd@adf1.com
282900,ASD1230692103,pen2car,dfsd@adf1.com
282901,ASD1239166620,car7pop,dfsd@adf1.com
282902,ASD1234395971,gas9note,dfsd@adf1.com
282903,ASD1232842136,big5fan,dfsd@adf1.com
282904,ASD1231157640,small3mop,dfsd@adf1.com
282905,ASD1230612253,pond5ding,dfsd@adf1.com
282906,ASD1235633395,mouse4cat,dfsd@adf1.com
282907,ASD1237958498,fig1fog,dfsd@adf1.com
282908,ASD1236410263,mouse9cat,dfsd@adf1.com
282909,ASD1232002303,hope5pear,dfsd@adf1.com
282910,ASD1230365407,small3par,dfsd@adf1.com
282911,ASD1235462481,ice9exit,dfsd@adf1.com
282912,ASD1235319558,dip9sing,dfsd@adf1.com
282913,ASD1237635325,coat1done,dfsd@adf1.com
282914,ASD1238946763,pop3great,dfsd@adf1.com
282915,ASD1236890799,pear3pear,dfsd@adf1.com
282916,ASD1233981317,luck3bye,dfsd@adf1.com
282917,ASD1238621648,mat7cat,dfsd@adf1.com
282918,ASD1236417164,car5hope,dfsd@adf1.com
282919,ASD1236547784,stock7stage,dfsd@adf1.com
282920,ASD1231431878,mop7bake,dfsd@adf1.com
282921,ASD1233463121,mouse6bat,dfsd@adf1.com
282922,ASD1234399517,mars6chair,dfsd@adf1.com
282923,ASD1232269801,ring6bit,dfsd@adf1.com
282924,ASD1233703303,pen0fig,dfsd@adf1.com
282925,ASD1236985072,pond2dig,dfsd@adf1.com
282926,ASD1231645605,stick5home,dfsd@adf1.com
282927,ASD1231495163,fan8dip,dfsd@adf1.com
282928,ASD1237010730,pond4write,dfsd@adf1.com
282929,ASD1236490411,ripe8take,dfsd@adf1.com
282930,ASD1231603473,fig3hope,dfsd@adf1.com
282931,ASD1230225286,ring5far,dfsd@adf1.com
282932,ASD1236107338,great3pear,dfsd@adf1.com
282933,ASD1239640588,hope6boat,dfsd@adf1.com
282934,ASD1232031253,save3ding,dfsd@adf1.com
282935,ASD1235753855,desk4jig,dfsd@adf1.com
282936,ASD1234399061,hip7pong,dfsd@adf1.com
282937,ASD1232015353,max8make,dfsd@adf1.com
282938,ASD1238645050,home1ran,dfsd@adf1.com
282939,ASD1230144303,mars8jig,dfsd@adf1.com
282940,ASD1238280256,fan1pop,dfsd@adf1.com
282941,ASD1233563067,fig0puck,dfsd@adf1.com
282942,ASD1232063874,nod5dog,dfsd@adf1.com
282943,ASD1230351876,coat7sit,dfsd@adf1.com
282944,ASD1239333236,stick9man,dfsd@adf1.com
282945,ASD1232225547,mit7nod,dfsd@adf1.com
282946,ASD1234902514,hart5jar,dfsd@adf1.com
282947,ASD1232615132,dog7min,dfsd@adf1.com
282948,ASD1234528681,home8exit,dfsd@adf1.com
282949,ASD1239906214,trick4bus,dfsd@adf1.com
282950,ASD1233763642,fog4jig,dfsd@adf1.com
282951,ASD1233282679,note7plane,dfsd@adf1.com
282952,ASD1236370592,puck2joke,dfsd@adf1.com
282953,ASD1230647577,trip7stage,dfsd@adf1.com
282954,ASD1239093314,puck3fish,dfsd@adf1.com
282955,ASD1235594519,sing8sing,dfsd@adf1.com
282956,ASD1232048593,chair0done,dfsd@adf1.com
282957,ASD1233393828,camp0rope,dfsd@adf1.com
282958,ASD1234389426,far2ice,dfsd@adf1.com
282959,ASD1232103351,luck6buy,dfsd@adf1.com
282960,ASD1233092031,mit2knot,dfsd@adf1.com
282961,ASD1232036631,not3save,dfsd@adf1.com
282962,ASD1235090594,mat1bird,dfsd@adf1.com
282963,ASD1235399726,ripe4coat,dfsd@adf1.com
282964,ASD1234764450,max6trick,dfsd@adf1.com
282965,ASD1233576907,pond8song,dfsd@adf1.com
282966,ASD1236623280,luck7mouse,dfsd@adf1.com
282967,ASD1235595924,jar3boat,dfsd@adf1.com
282968,ASD1237493686,ran7bow,dfsd@adf1.com
282969,ASD1231182730,roll8horse,dfsd@adf1.com
282970,ASD1230547926,plane7fig,dfsd@adf1.com
282971,ASD1231626992,sing7dig,dfsd@adf1.com
282972,ASD1231001923,put6horse,dfsd@adf1.com
282973,ASD1232683160,jig3tack,dfsd@adf1.com
282974,ASD1237520190,sit0stock,dfsd@adf1.com
282975,ASD1234843356,exit2ran,dfsd@adf1.com
282976,ASD1235481747,knot6gas,dfsd@adf1.com
282977,ASD1236610163,pen7desk,dfsd@adf1.com
282978,ASD1235871334,hat7coat,dfsd@adf1.com
282979,ASD1237597936,small2stick,dfsd@adf1.com
282980,ASD1233158320,test6copy,dfsd@adf1.com
282981,ASD1237285488,plate2hip,dfsd@adf1.com
282982,ASD1235012141,plate4boat,dfsd@adf1.com
282983,ASD1236571753,fan5hat,dfsd@adf1.com
282984,ASD1237884491,couch6small,dfsd@adf1.com
282985,ASD1237646660,trip9run,dfsd@adf1.com
282986,ASD1233577676,buy3truck,dfsd@adf1.com
282987,ASD1230435473,mop8truck,dfsd@adf1.com
282988,ASD1230034746,bow2knot,dfsd@adf1.com
282989,ASD1233516002,bake0rope,dfsd@adf1.com
282990,ASD1233255572,ball0mit,dfsd@adf1.com
282991,ASD1234110384,bye8puck,dfsd@adf1.com
282992,ASD1238895592,stage9plane,dfsd@adf1.com
282993,ASD1235838884,chair1buy,dfsd@adf1.com
282994,ASD1230578428,plate3great,dfsd@adf1.com
282995,ASD1237370823,ding3test,dfsd@adf1.com
282996,ASD1234994072,pond8ship,dfsd@adf1.com
282997,ASD1238052127,mouse4hop,dfsd@adf1.com
282998,ASD1230611272,run5hat,dfsd@adf1.com
282999,ASD1233821056,couch3far,dfsd@adf1.com
283000,ASD1230362766,ripe5mouse,dfsd@adf1.com
283001,ASD1234190799,put9gas,dfsd@adf1.com
283002,ASD1238427965,fan2roll,dfsd@adf1.com
283003,ASD1237383152,done6hop,dfsd@adf1.com
283004,ASD1235608775,far5knot,dfsd@adf1.com
283005,ASD1239601370,tack9kid,dfsd@adf1.com
283008,ASD1238835814,meet2run,dfsd@adf1.com
283009,ASD1230201475,jar0puck,dfsd@adf1.com
283010,ASD1239075362,plate3mars,dfsd@adf1.com
283011,ASD1239773413,done4mat,dfsd@adf1.com
283012,ASD1232962698,fog5luck,dfsd@adf1.com
283013,ASD1238111305,par7fan,dfsd@adf1.com
283014,ASD1236243407,great4home,dfsd@adf1.com
283015,ASD1232542726,chair9desk,dfsd@adf1.com
283016,ASD1234788126,fish7pig,dfsd@adf1.com
283017,ASD1231178893,song2dog,dfsd@adf1.com
283018,ASD1236158809,far8cap,dfsd@adf1.com
283019,ASD1233773966,small4stock,dfsd@adf1.com
283020,ASD1231270820,pond7ring,dfsd@adf1.com
283021,ASD1231431343,stock3desk,dfsd@adf1.com
283022,ASD1234217758,knot5cap,dfsd@adf1.com
283023,ASD1238406719,hip5hart,dfsd@adf1.com
283024,ASD1235925719,fish4meet,dfsd@adf1.com
283025,ASD1232806318,put9couch,dfsd@adf1.com
283026,ASD1234381693,hart6code,dfsd@adf1.com
283027,ASD1235795520,nod9desk,dfsd@adf1.com
283028,ASD1230981064,hart3jar,dfsd@adf1.com
283029,ASD1231652843,trip1rope,dfsd@adf1.com
283030,ASD1230712134,fish2make,dfsd@adf1.com
283031,ASD1231918015,pear4write,dfsd@adf1.com
283032,ASD1238997845,luck5couch,dfsd@adf1.com
283033,ASD1234437792,hat1pig,dfsd@adf1.com
283034,ASD1232009396,ice5plate,dfsd@adf1.com
283035,ASD1233412962,camp0run,dfsd@adf1.com
283036,ASD1231022235,rope0hip,dfsd@adf1.com
283037,ASD1235854132,floor6mouse,dfsd@adf1.com
283038,ASD1237177548,puck6ripe,dfsd@adf1.com
283039,ASD1237078753,done7big,dfsd@adf1.com
283040,ASD1237023265,boat9home,dfsd@adf1.com
283041,ASD1237099323,jar8small,dfsd@adf1.com
283042,ASD1234025896,code3take,dfsd@adf1.com
283043,ASD1237691651,ran9pen,dfsd@adf1.com
283044,ASD1238362137,far9test,dfsd@adf1.com
283045,ASD1238476994,truck6knot,dfsd@adf1.com
283046,ASD1239617632,pen8desk,dfsd@adf1.com
283047,ASD1239043939,stick6tack,dfsd@adf1.com
283048,ASD1231346223,bus6not,dfsd@adf1.com
283049,ASD1232672312,great3put,dfsd@adf1.com
283050,ASD1235989214,fish8chair,dfsd@adf1.com
283051,ASD1237955719,stick1kin,dfsd@adf1.com
283052,ASD1235539925,bit0jig,dfsd@adf1.com
283053,ASD1235061194,sing1bake,dfsd@adf1.com
283054,ASD1231089400,sing2nod,dfsd@adf1.com
283055,ASD1238680091,mat4dig,dfsd@adf1.com
283056,ASD1230436205,stage2max,dfsd@adf1.com
283057,ASD1235235813,bat5desk,dfsd@adf1.com
283058,ASD1231124772,hope7far,dfsd@adf1.com
283059,ASD1235599958,desk5test,dfsd@adf1.com
283060,ASD1239336775,hope1mouse,dfsd@adf1.com
283061,ASD1239563592,ripe9code,dfsd@adf1.com
283062,ASD1237148971,man8song,dfsd@adf1.com
283063,ASD1235405753,tack9hip,dfsd@adf1.com
283064,ASD1239845520,pear6mars,dfsd@adf1.com
283065,ASD1238044148,write9small,dfsd@adf1.com
283066,ASD1235695741,ring3stock,dfsd@adf1.com
283067,ASD1236046843,hart1ice,dfsd@adf1.com
283068,ASD1236248913,nod4par,dfsd@adf1.com
283069,ASD1239988419,pop0sit,dfsd@adf1.com
283070,ASD1230531299,plane4fig,dfsd@adf1.com
283071,ASD1238665428,nod4bye,dfsd@adf1.com
283072,ASD1230238800,ding5puck,dfsd@adf1.com
283073,ASD1232116476,couch6ring,dfsd@adf1.com
283074,ASD1230189414,plate4goat,dfsd@adf1.com
283075,ASD1230450261,roll3far,dfsd@adf1.com
283076,ASD1232927080,par5stick,dfsd@adf1.com
283077,ASD1239555269,run4bus,dfsd@adf1.com
283078,ASD1233852968,fog1bird,dfsd@adf1.com
283079,ASD1230888491,ship5save,dfsd@adf1.com
283080,ASD1232908444,desk0put,dfsd@adf1.com
283081,ASD1234914855,trick2man,dfsd@adf1.com
283082,ASD1236358693,save8done,dfsd@adf1.com
283083,ASD1231247511,par3coat,dfsd@adf1.com
283084,ASD1232246483,ice8bye,dfsd@adf1.com
283085,ASD1233131377,car2gas,dfsd@adf1.com
283086,ASD1231627125,test1hip,dfsd@adf1.com
283087,ASD1237284656,horse6hip,dfsd@adf1.com
283088,ASD1234690096,save7desk,dfsd@adf1.com
283089,ASD1230087374,hip8mat,dfsd@adf1.com
283090,ASD1232657739,trip5stick,dfsd@adf1.com
283091,ASD1238161127,hart3mat,dfsd@adf1.com
283092,ASD1238171311,fog2man,dfsd@adf1.com
283093,ASD1231154736,knot8min,dfsd@adf1.com
283094,ASD1235379611,sing5hart,dfsd@adf1.com
283095,ASD1230327554,fish0pen,dfsd@adf1.com
283096,ASD1236692210,copy8fish,dfsd@adf1.com
283098,ASD1233110840,kin8bit,dfsd@adf1.com
283099,ASD1233752093,cap4hop,dfsd@adf1.com
283100,ASD1235077864,joke7test,dfsd@adf1.com
283101,ASD1235774628,cap5big,dfsd@adf1.com
283102,ASD1238155347,couch4stick,dfsd@adf1.com
283103,ASD1239277982,hip6copy,dfsd@adf1.com
283104,ASD1233753757,tack0floor,dfsd@adf1.com
283105,ASD1239304022,small4luck,dfsd@adf1.com
283106,ASD1237153584,bit7plate,dfsd@adf1.com
283107,ASD1230126018,ship6pig,dfsd@adf1.com
283108,ASD1239700362,note7knot,dfsd@adf1.com
283109,ASD1236436118,ripe3knot,dfsd@adf1.com
283110,ASD1237204044,make6ping,dfsd@adf1.com
283111,ASD1237598383,home5big,dfsd@adf1.com
283112,ASD1234044155,hop2jar,dfsd@adf1.com
283113,ASD1231204751,mop7big,dfsd@adf1.com
283114,ASD1230485375,not7make,dfsd@adf1.com
283115,ASD1230893821,dip6plane,dfsd@adf1.com
283116,ASD1236363498,ripe0tack,dfsd@adf1.com
283117,ASD1234635089,knot1joke,dfsd@adf1.com
283118,ASD1236134294,write5not,dfsd@adf1.com
283119,ASD1233610131,rope6goat,dfsd@adf1.com
283120,ASD1230719463,hope0pear,dfsd@adf1.com
283121,ASD1238759520,hart1take,dfsd@adf1.com
283122,ASD1239472364,horse0trick,dfsd@adf1.com
283123,ASD1234988498,man9write,dfsd@adf1.com
283124,ASD1238665800,write2jig,dfsd@adf1.com
283125,ASD1230070360,bus2big,dfsd@adf1.com
283126,ASD1230325113,sit5dip,dfsd@adf1.com
283127,ASD1232245172,not0date,dfsd@adf1.com
283128,ASD1230048919,hip7pop,dfsd@adf1.com
283129,ASD1233330067,couch1min,dfsd@adf1.com
283130,ASD1234139860,bye2pen,dfsd@adf1.com
283131,ASD1231439532,min5man,dfsd@adf1.com
283132,ASD1233277856,exit1code,dfsd@adf1.com
283133,ASD1232919474,sit4desk,dfsd@adf1.com
283134,ASD1231883984,bus5small,dfsd@adf1.com
283135,ASD1238243590,horse9put,dfsd@adf1.com
283136,ASD1232925875,hart4bake,dfsd@adf1.com
283137,ASD1232976759,pong3take,dfsd@adf1.com
283138,ASD1237293286,ring9nod,dfsd@adf1.com
283139,ASD1236706502,hope3song,dfsd@adf1.com
283140,ASD1234019471,bye3pig,dfsd@adf1.com
283141,ASD1239464693,cap5pig,dfsd@adf1.com
283142,ASD1232940479,hop8note,dfsd@adf1.com
283143,ASD1233648658,buy3not,dfsd@adf1.com
283144,ASD1239177190,home8plane,dfsd@adf1.com
283145,ASD1237000912,great3great,dfsd@adf1.com
283146,ASD1239806722,nod9nod,dfsd@adf1.com
283147,ASD1238673467,jar8man,dfsd@adf1.com
283148,ASD1236879821,man0mop,dfsd@adf1.com
283149,ASD1230795786,take9desk,dfsd@adf1.com
283150,ASD1238564512,chair8fog,dfsd@adf1.com
283151,ASD1234950934,buy0bake,dfsd@adf1.com
283152,ASD1236585157,stock5joke,dfsd@adf1.com
283153,ASD1239364677,test7kin,dfsd@adf1.com
283154,ASD1234618135,sing8camp,dfsd@adf1.com
283155,ASD1233905669,exit5coat,dfsd@adf1.com
283156,ASD1239144659,goat7sing,dfsd@adf1.com
283157,ASD1236816158,cap4bird,dfsd@adf1.com
283158,ASD1233098286,couch2luck,dfsd@adf1.com
283159,ASD1237732970,camp0fog,dfsd@adf1.com
283160,ASD1239036006,pop9hip,dfsd@adf1.com
283161,ASD1234465053,couch9luck,dfsd@adf1.com
283162,ASD1234470316,jar9joke,dfsd@adf1.com
283163,ASD1237270137,stock2luck,dfsd@adf1.com
283164,ASD1238294637,run6stage,dfsd@adf1.com
283165,ASD1230278881,ripe1bow,dfsd@adf1.com
283166,ASD1236191006,hope2kin,dfsd@adf1.com
283167,ASD1239166198,save0trick,dfsd@adf1.com
283168,ASD1230709063,rope1ping,dfsd@adf1.com
283169,ASD1231238587,stage8fog,dfsd@adf1.com
283170,ASD1230936620,ball5fish,dfsd@adf1.com
283171,ASD1235521738,hip8bye,dfsd@adf1.com
283172,ASD1238838817,song6bird,dfsd@adf1.com
283173,ASD1238079202,pop1luck,dfsd@adf1.com
283174,ASD1237325401,great8knot,dfsd@adf1.com
283175,ASD1231211539,code5code,dfsd@adf1.com
283176,ASD1235720621,max3gas,dfsd@adf1.com
283177,ASD1234073322,exit3hart,dfsd@adf1.com
283178,ASD1234770552,song9pear,dfsd@adf1.com
283179,ASD1238956248,joke9plane,dfsd@adf1.com
283180,ASD1237747415,save8hip,dfsd@adf1.com
283181,ASD1239530082,dig5room,dfsd@adf1.com
283182,ASD1230125143,dog3fog,dfsd@adf1.com
283183,ASD1239875324,mars6man,dfsd@adf1.com
283184,ASD1235136584,not4plane,dfsd@adf1.com
283185,ASD1231504564,code4ran,dfsd@adf1.com
283186,ASD1230118274,ran8max,dfsd@adf1.com
283187,ASD1237732003,max9copy,dfsd@adf1.com
283188,ASD1231647856,puck7bit,dfsd@adf1.com
283189,ASD1233847326,bake9ring,dfsd@adf1.com
283190,ASD1230232206,test6ding,dfsd@adf1.com
283191,ASD1238372067,done7stick,dfsd@adf1.com
283192,ASD1235767944,horse5code,dfsd@adf1.com
283193,ASD1236171025,jig2buy,dfsd@adf1.com
283194,ASD1237633082,chair5roll,dfsd@adf1.com
283195,ASD1231961689,great4stick,dfsd@adf1.com
283196,ASD1231448201,stick4camp,dfsd@adf1.com
283197,ASD1231570871,chair6stage,dfsd@adf1.com
283198,ASD1233043228,desk7mat,dfsd@adf1.com
283199,ASD1234545663,chair8pen,dfsd@adf1.com
283200,ASD1237663163,bus9date,dfsd@adf1.com
283201,ASD1232007895,boat1pond,dfsd@adf1.com
283202,ASD1234030929,couch9code,dfsd@adf1.com
283203,ASD1237175837,luck8ship,dfsd@adf1.com
283204,ASD1232551996,fig8run,dfsd@adf1.com
283205,ASD1237148801,take7pong,dfsd@adf1.com
283206,ASD1230093961,note4meet,dfsd@adf1.com
283207,ASD1235400571,pig4joke,dfsd@adf1.com
283208,ASD1239711519,luck8sit,dfsd@adf1.com
283209,ASD1237153430,hat4song,dfsd@adf1.com
283210,ASD1238126050,stick9camp,dfsd@adf1.com
283211,ASD1239259585,coat8max,dfsd@adf1.com
283212,ASD1231328617,small9mop,dfsd@adf1.com
283213,ASD1232410631,ding1ice,dfsd@adf1.com
283214,ASD1235380833,save3stage,dfsd@adf1.com
283215,ASD1234094543,pen9pear,dfsd@adf1.com
283216,ASD1235271466,dip6hop,dfsd@adf1.com
283217,ASD1233545590,pond2mop,dfsd@adf1.com
283218,ASD1235885747,mouse7desk,dfsd@adf1.com
283219,ASD1235464269,hop4mat,dfsd@adf1.com
283220,ASD1231003180,code9pig,dfsd@adf1.com
283221,ASD1233156449,puck2car,dfsd@adf1.com
283222,ASD1235408726,rope1trip,dfsd@adf1.com
283223,ASD1237244472,bit8copy,dfsd@adf1.com
283224,ASD1232238092,cap0nod,dfsd@adf1.com
283225,ASD1236685309,cat8hip,dfsd@adf1.com
283226,ASD1239543408,pong1song,dfsd@adf1.com
283227,ASD1230595408,tack8stock,dfsd@adf1.com
283228,ASD1232630050,test4ring,dfsd@adf1.com
283229,ASD1233588456,truck8cap,dfsd@adf1.com
283230,ASD1239254001,mit3room,dfsd@adf1.com
283231,ASD1232896898,pop5plate,dfsd@adf1.com
283232,ASD1234463719,sing7mars,dfsd@adf1.com
283233,ASD1231542956,mouse1bow,dfsd@adf1.com
283234,ASD1238308812,min3fig,dfsd@adf1.com
283235,ASD1239978636,run0boat,dfsd@adf1.com
283236,ASD1239314053,pear9bird,dfsd@adf1.com
283237,ASD1235811481,jar0fan,dfsd@adf1.com
283238,ASD1237431847,home8pear,dfsd@adf1.com
283239,ASD1232014763,ping7big,dfsd@adf1.com
283240,ASD1233945721,hope4luck,dfsd@adf1.com
283241,ASD1233084541,ping7song,dfsd@adf1.com
283242,ASD1230714787,jar8goat,dfsd@adf1.com
283243,ASD1233305159,bake5mars,dfsd@adf1.com
283244,ASD1234343413,jar7roll,dfsd@adf1.com
283245,ASD1234129024,mat6small,dfsd@adf1.com
283246,ASD1230857015,roll1take,dfsd@adf1.com
283247,ASD1238831958,done4pond,dfsd@adf1.com
283248,ASD1235695608,song3pear,dfsd@adf1.com
283249,ASD1232394238,save1bow,dfsd@adf1.com
283250,ASD1231139286,make4pear,dfsd@adf1.com
283251,ASD1235958284,dip7desk,dfsd@adf1.com
283252,ASD1236398502,song3floor,dfsd@adf1.com
283253,ASD1236361399,ping5make,dfsd@adf1.com
283254,ASD1233687000,min4bake,dfsd@adf1.com
283255,ASD1237927228,bit3hop,dfsd@adf1.com
283256,ASD1239703458,rope8tack,dfsd@adf1.com
283257,ASD1231869784,luck6bird,dfsd@adf1.com
283258,ASD1235541938,bit6horse,dfsd@adf1.com
283259,ASD1236922598,joke9fish,dfsd@adf1.com
283260,ASD1237500463,jar9gas,dfsd@adf1.com
283261,ASD1236912528,fish1pig,dfsd@adf1.com
283262,ASD1236336724,hart0kid,dfsd@adf1.com
283263,ASD1238369006,cat8sing,dfsd@adf1.com
283264,ASD1236911738,couch3exit,dfsd@adf1.com
283265,ASD1235467315,ring8pen,dfsd@adf1.com
283266,ASD1233954135,write6chair,dfsd@adf1.com
283267,ASD1234877342,bus1bit,dfsd@adf1.com
283268,ASD1231863755,bow0man,dfsd@adf1.com
283269,ASD1238811962,cat7boat,dfsd@adf1.com
283272,ASD1238612594,pear7plate,dfsd@adf1.com
283273,ASD1232472203,coat5max,dfsd@adf1.com
283274,ASD1239761732,cat4ping,dfsd@adf1.com
283275,ASD1236575555,hat7hop,dfsd@adf1.com
283276,ASD1236316692,copy7hop,dfsd@adf1.com
283277,ASD1234458676,bus7save,dfsd@adf1.com
283278,ASD1236143435,luck0room,dfsd@adf1.com
283279,ASD1231692196,chair6nod,dfsd@adf1.com
283280,ASD1231182661,luck3horse,dfsd@adf1.com
283281,ASD1235772461,room4home,dfsd@adf1.com
283282,ASD1238319402,horse7floor,dfsd@adf1.com
283283,ASD1234110551,hip9dip,dfsd@adf1.com
283284,ASD1235454046,dog7dip,dfsd@adf1.com
283285,ASD1237293216,make2small,dfsd@adf1.com
283286,ASD1238231990,puck2fan,dfsd@adf1.com
283287,ASD1235986552,nod3pig,dfsd@adf1.com
283288,ASD1230569463,stage7pig,dfsd@adf1.com
283289,ASD1238111267,boat3dog,dfsd@adf1.com
283290,ASD1239935722,done4gas,dfsd@adf1.com
283291,ASD1230171284,meet1luck,dfsd@adf1.com
283292,ASD1237185761,cap5bus,dfsd@adf1.com
283293,ASD1239124749,ship1stick,dfsd@adf1.com
283294,ASD1232858364,fig7truck,dfsd@adf1.com
283295,ASD1232864427,mars8ding,dfsd@adf1.com
283296,ASD1233443459,room6bat,dfsd@adf1.com
283297,ASD1232295177,far6note,dfsd@adf1.com
283298,ASD1234768055,gas2plane,dfsd@adf1.com
283299,ASD1232888165,test5nod,dfsd@adf1.com
283300,ASD1236845847,kin3bow,dfsd@adf1.com
283301,ASD1230339582,small7puck,dfsd@adf1.com
283302,ASD1238182143,mat6dog,dfsd@adf1.com
283303,ASD1233106822,home7meet,dfsd@adf1.com
283304,ASD1234429807,ring7sing,dfsd@adf1.com
283305,ASD1233834601,bow9meet,dfsd@adf1.com
283306,ASD1239666271,room1jig,dfsd@adf1.com
283307,ASD1234370900,mit1pop,dfsd@adf1.com
283308,ASD1230525520,pen7bat,dfsd@adf1.com
283309,ASD1232717719,tack7code,dfsd@adf1.com
283310,ASD1237497658,mit6plate,dfsd@adf1.com
283311,ASD1230030290,cat0car,dfsd@adf1.com
283312,ASD1231333893,bye1stock,dfsd@adf1.com
283313,ASD1236993071,pear8cap,dfsd@adf1.com
283314,ASD1239504397,bird4tack,dfsd@adf1.com
283315,ASD1239539903,horse7bow,dfsd@adf1.com
283316,ASD1230794651,write2fig,dfsd@adf1.com
283317,ASD1237084007,ball7pond,dfsd@adf1.com
283318,ASD1239542989,goat9nod,dfsd@adf1.com
283319,ASD1232971974,goat1great,dfsd@adf1.com
283320,ASD1232774709,bye0pen,dfsd@adf1.com
283321,ASD1237721907,desk0horse,dfsd@adf1.com
283322,ASD1238039236,test0kid,dfsd@adf1.com
283323,ASD1234352856,cat3make,dfsd@adf1.com
283324,ASD1230475571,song7big,dfsd@adf1.com
283325,ASD1230520440,hip7hart,dfsd@adf1.com
283326,ASD1239292969,ice5trick,dfsd@adf1.com
283327,ASD1230658072,meet4room,dfsd@adf1.com
283328,ASD1235140118,bye8hope,dfsd@adf1.com
283329,ASD1239456807,ping6couch,dfsd@adf1.com
283330,ASD1235835029,pop8pop,dfsd@adf1.com
283331,ASD1235027969,stock1jar,dfsd@adf1.com
283332,ASD1232633326,stage2take,dfsd@adf1.com
283333,ASD1230366186,horse0great,dfsd@adf1.com
283334,ASD1238025265,dig2knot,dfsd@adf1.com
283335,ASD1237307287,mouse6buy,dfsd@adf1.com
283336,ASD1238278087,run2jar,dfsd@adf1.com
283337,ASD1230252945,kid9car,dfsd@adf1.com
283338,ASD1235293221,song2coat,dfsd@adf1.com
283339,ASD1232365505,copy5dig,dfsd@adf1.com
283340,ASD1237446405,mouse4gas,dfsd@adf1.com
283341,ASD1234731890,joke3stage,dfsd@adf1.com
283342,ASD1233948594,boat9bye,dfsd@adf1.com
283343,ASD1236820820,hip3ping,dfsd@adf1.com
283344,ASD1231837950,nod8mit,dfsd@adf1.com
283345,ASD1232235125,sit3man,dfsd@adf1.com
283346,ASD1235326387,max5horse,dfsd@adf1.com
283347,ASD1237769139,desk3hart,dfsd@adf1.com
283348,ASD1239122035,room5ding,dfsd@adf1.com
283349,ASD1231754832,fish7fog,dfsd@adf1.com
283350,ASD1237182132,tack7bake,dfsd@adf1.com
283351,ASD1232910483,stage8far,dfsd@adf1.com
283352,ASD1236675745,chair1jar,dfsd@adf1.com
283353,ASD1236839574,pond1knot,dfsd@adf1.com
283354,ASD1230715391,ping2sit,dfsd@adf1.com
283355,ASD1230068707,ding4test,dfsd@adf1.com
283356,ASD1238520095,fig3mouse,dfsd@adf1.com
283357,ASD1232321480,mars5kid,dfsd@adf1.com
283358,ASD1235375183,gas8copy,dfsd@adf1.com
283359,ASD1235516472,ship5man,dfsd@adf1.com
283360,ASD1238237711,exit4pong,dfsd@adf1.com
283361,ASD1231823909,dog3fog,dfsd@adf1.com
283362,ASD1233688833,chair1jig,dfsd@adf1.com
283363,ASD1234745903,put9trick,dfsd@adf1.com
283364,ASD1239649703,pig8dip,dfsd@adf1.com
283365,ASD1233484021,min1jig,dfsd@adf1.com
283366,ASD1238756168,couch5kid,dfsd@adf1.com
283368,ASD1231335994,floor8desk,dfsd@adf1.com
283369,ASD1238521863,ran6puck,dfsd@adf1.com
283370,ASD1237763845,bus9done,dfsd@adf1.com
283371,ASD1239664506,home3knot,dfsd@adf1.com
283372,ASD1230702557,sing1put,dfsd@adf1.com
283373,ASD1232297425,song3mars,dfsd@adf1.com
283374,ASD1235900002,joke5note,dfsd@adf1.com
283375,ASD1239027049,ripe2desk,dfsd@adf1.com
283376,ASD1238230622,rope4hart,dfsd@adf1.com
283377,ASD1230319326,man1big,dfsd@adf1.com
283378,ASD1236387312,mouse0ice,dfsd@adf1.com
283379,ASD1233906671,kid6fog,dfsd@adf1.com
283380,ASD1232787066,ding2gas,dfsd@adf1.com
283381,ASD1232303595,stick0par,dfsd@adf1.com
283382,ASD1234002911,tack1put,dfsd@adf1.com
283383,ASD1231300659,chair5car,dfsd@adf1.com
283384,ASD1234431830,bit8fan,dfsd@adf1.com
283385,ASD1235828253,bat5fig,dfsd@adf1.com
283386,ASD1231416556,jar7desk,dfsd@adf1.com
283387,ASD1238816873,trip3dig,dfsd@adf1.com
283388,ASD1232027370,horse3big,dfsd@adf1.com
283389,ASD1237389183,small1put,dfsd@adf1.com
283390,ASD1239953764,put2luck,dfsd@adf1.com
283391,ASD1230316910,mop6not,dfsd@adf1.com
283392,ASD1239136766,pop9ice,dfsd@adf1.com
283393,ASD1232735024,stick2joke,dfsd@adf1.com
283394,ASD1238978575,big2floor,dfsd@adf1.com
283395,ASD1232855048,man3luck,dfsd@adf1.com
283396,ASD1233191268,pen0floor,dfsd@adf1.com
283397,ASD1230243623,bow9joke,dfsd@adf1.com
283398,ASD1230990970,code4room,dfsd@adf1.com
283399,ASD1233172561,sing3coat,dfsd@adf1.com
283400,ASD1239714679,floor9trip,dfsd@adf1.com
283401,ASD1230799792,pig9trick,dfsd@adf1.com
283402,ASD1232746870,ring5buy,dfsd@adf1.com
283403,ASD1234360503,trick2knot,dfsd@adf1.com
283404,ASD1235511158,ball3pong,dfsd@adf1.com
283405,ASD1235143945,bat6cat,dfsd@adf1.com
283406,ASD1236234017,truck8dip,dfsd@adf1.com
283407,ASD1238470067,code9stage,dfsd@adf1.com
283408,ASD1232154612,kid3hip,dfsd@adf1.com
283409,ASD1234983401,exit6roll,dfsd@adf1.com
283410,ASD1237174954,ice3nod,dfsd@adf1.com
283411,ASD1238828159,pear1plane,dfsd@adf1.com
283412,ASD1233862025,mars6floor,dfsd@adf1.com
283413,ASD1237292936,mouse9small,dfsd@adf1.com
283414,ASD1232878697,couch6jig,dfsd@adf1.com
283415,ASD1236606822,kin1dog,dfsd@adf1.com
283416,ASD1231889700,nod7mit,dfsd@adf1.com
283417,ASD1232178429,fan6ripe,dfsd@adf1.com
283418,ASD1235725570,goat6roll,dfsd@adf1.com
283419,ASD1239798679,dip2fig,dfsd@adf1.com
283420,ASD1230960540,pig8copy,dfsd@adf1.com
283421,ASD1233437201,ding7great,dfsd@adf1.com
283422,ASD1233345099,couch8make,dfsd@adf1.com
283423,ASD1239166567,ping9trick,dfsd@adf1.com
283424,ASD1231912102,knot7great,dfsd@adf1.com
283425,ASD1237520920,gas0pong,dfsd@adf1.com
283426,ASD1231634713,luck3man,dfsd@adf1.com
283427,ASD1234964053,goat7great,dfsd@adf1.com
283428,ASD1238749355,luck7exit,dfsd@adf1.com
283429,ASD1230991709,couch2far,dfsd@adf1.com
283430,ASD1232167420,big3dog,dfsd@adf1.com
283431,ASD1230264543,hop3date,dfsd@adf1.com
283432,ASD1237592655,take6save,dfsd@adf1.com
283433,ASD1238759366,couch3stock,dfsd@adf1.com
283434,ASD1231249500,ping2small,dfsd@adf1.com
283435,ASD1231590202,chair5fish,dfsd@adf1.com
283436,ASD1239630630,sit5bird,dfsd@adf1.com
283437,ASD1235397354,bird9jig,dfsd@adf1.com
283438,ASD1233914656,great0trick,dfsd@adf1.com
283439,ASD1235197932,chair4mit,dfsd@adf1.com
283440,ASD1230119298,roll5test,dfsd@adf1.com
283441,ASD1239657503,boat7dog,dfsd@adf1.com
283442,ASD1232478952,hope6bye,dfsd@adf1.com
283443,ASD1237858154,fig4pop,dfsd@adf1.com
283444,ASD1230712867,dog9dog,dfsd@adf1.com
283445,ASD1237938121,run9fan,dfsd@adf1.com
283446,ASD1235931246,goat6plate,dfsd@adf1.com
283447,ASD1234253168,save3man,dfsd@adf1.com
283448,ASD1232968335,hope3hope,dfsd@adf1.com
283449,ASD1235907481,min6floor,dfsd@adf1.com
283450,ASD1233396756,date9test,dfsd@adf1.com
283451,ASD1239225374,luck7chair,dfsd@adf1.com
283452,ASD1236735117,take8pen,dfsd@adf1.com
283453,ASD1238744409,make7take,dfsd@adf1.com
283454,ASD1232186719,make3small,dfsd@adf1.com
283455,ASD1232021662,hart5chair,dfsd@adf1.com
283456,ASD1238322596,sit4bow,dfsd@adf1.com
283457,ASD1239529978,far3tack,dfsd@adf1.com
283458,ASD1238535072,code3tack,dfsd@adf1.com
283459,ASD1231408782,cap2rope,dfsd@adf1.com
283460,ASD1239832612,tack7done,dfsd@adf1.com
283461,ASD1232209066,pond6ring,dfsd@adf1.com
283462,ASD1237023415,sing0write,dfsd@adf1.com
283463,ASD1235075522,par6par,dfsd@adf1.com
283464,ASD1232850559,gas1rope,dfsd@adf1.com
283465,ASD1230237807,hop8mouse,dfsd@adf1.com
283466,ASD1232908433,great9pop,dfsd@adf1.com
283467,ASD1234091054,not8man,dfsd@adf1.com
283468,ASD1236807893,dip2bat,dfsd@adf1.com
283469,ASD1234542719,car6ping,dfsd@adf1.com
283470,ASD1230091342,floor4save,dfsd@adf1.com
283471,ASD1233354807,par6horse,dfsd@adf1.com
283472,ASD1234760499,cap5put,dfsd@adf1.com
283473,ASD1234739593,fan5buy,dfsd@adf1.com
283474,ASD1236306816,nod1room,dfsd@adf1.com
283475,ASD1231951738,copy4man,dfsd@adf1.com
283476,ASD1237071496,big9couch,dfsd@adf1.com
283477,ASD1235694934,stage3put,dfsd@adf1.com
283478,ASD1236259225,desk9pear,dfsd@adf1.com
283479,ASD1233117909,pear0done,dfsd@adf1.com
283480,ASD1236543723,car9fig,dfsd@adf1.com
283481,ASD1237460074,ice2plate,dfsd@adf1.com
283482,ASD1232896940,date4man,dfsd@adf1.com
283483,ASD1232124771,min2gas,dfsd@adf1.com
283484,ASD1236916250,camp2pig,dfsd@adf1.com
283485,ASD1230367794,sit5make,dfsd@adf1.com
283486,ASD1236790813,plate0far,dfsd@adf1.com
283487,ASD1231806591,hop8copy,dfsd@adf1.com
283488,ASD1230320952,hart9bit,dfsd@adf1.com
283489,ASD1238653588,trip9stage,dfsd@adf1.com
283490,ASD1233670854,ran7bird,dfsd@adf1.com
283491,ASD1239683947,fan6bye,dfsd@adf1.com
283492,ASD1238289262,fig8pop,dfsd@adf1.com
283493,ASD1235348446,par4mit,dfsd@adf1.com
283494,ASD1230575515,pig5big,dfsd@adf1.com
283495,ASD1237677272,small4mop,dfsd@adf1.com
283496,ASD1235205920,kid4fish,dfsd@adf1.com
283497,ASD1238387317,take6roll,dfsd@adf1.com
283498,ASD1231780875,put0ship,dfsd@adf1.com
283499,ASD1235257899,stick9plane,dfsd@adf1.com
283500,ASD1232725639,jar0cap,dfsd@adf1.com
283501,ASD1232887172,ding7buy,dfsd@adf1.com
283502,ASD1236702412,trip3dip,dfsd@adf1.com
283503,ASD1239550106,ship8hip,dfsd@adf1.com
283504,ASD1238600243,room0kin,dfsd@adf1.com
283505,ASD1237370836,bit9coat,dfsd@adf1.com
283506,ASD1233299946,mit3cat,dfsd@adf1.com
283507,ASD1231376165,jar2pig,dfsd@adf1.com
283508,ASD1233608023,truck9stage,dfsd@adf1.com
283509,ASD1232347564,code7par,dfsd@adf1.com
283510,ASD1232166717,man3floor,dfsd@adf1.com
283511,ASD1234527417,home9ship,dfsd@adf1.com
283512,ASD1235833624,floor6par,dfsd@adf1.com
283513,ASD1238108546,joke0desk,dfsd@adf1.com
283514,ASD1238446465,trick7coat,dfsd@adf1.com
283515,ASD1236647894,run5copy,dfsd@adf1.com
283516,ASD1232415988,done3pong,dfsd@adf1.com
283517,ASD1234855351,put4trick,dfsd@adf1.com
283518,ASD1230997747,kid5boat,dfsd@adf1.com
283519,ASD1234033067,ball7jar,dfsd@adf1.com
283520,ASD1235063463,knot5ball,dfsd@adf1.com
283521,ASD1232351539,luck5cap,dfsd@adf1.com
283522,ASD1230812658,buy9pond,dfsd@adf1.com
283523,ASD1239374753,mop3trip,dfsd@adf1.com
283524,ASD1237129370,pong7bow,dfsd@adf1.com
283525,ASD1238172450,stock8stock,dfsd@adf1.com
283526,ASD1233597461,mat4jig,dfsd@adf1.com
283527,ASD1231024297,gas4horse,dfsd@adf1.com
283528,ASD1236847925,couch6hat,dfsd@adf1.com
283529,ASD1233325471,min0joke,dfsd@adf1.com
283530,ASD1234635560,test1ran,dfsd@adf1.com
283531,ASD1234699602,not3kid,dfsd@adf1.com
283532,ASD1233449590,fig2ship,dfsd@adf1.com
283533,ASD1231522792,plate3dip,dfsd@adf1.com
283534,ASD1237578638,horse4cat,dfsd@adf1.com
283535,ASD1233727628,ran0bake,dfsd@adf1.com
283536,ASD1230306531,ship9ring,dfsd@adf1.com
283537,ASD1233710991,truck3chair,dfsd@adf1.com
283538,ASD1232649646,ding7stick,dfsd@adf1.com
283539,ASD1231892503,hope8ping,dfsd@adf1.com
283540,ASD1232003033,puck7fan,dfsd@adf1.com
283541,ASD1232596499,knot7put,dfsd@adf1.com
283542,ASD1233891748,run0car,dfsd@adf1.com
283543,ASD1233750363,room4done,dfsd@adf1.com
283544,ASD1230282341,done5room,dfsd@adf1.com
283545,ASD1232853302,great4desk,dfsd@adf1.com
284482,ASD1232527881,plane7song,dfsd@adf1.com
284483,ASD1235499343,min7small,dfsd@adf1.com
284484,ASD1234014676,pig3trick,dfsd@adf1.com
284485,ASD1239103260,joke0stage,dfsd@adf1.com
284486,ASD1237172154,stock5max,dfsd@adf1.com
284487,ASD1230298545,run1roll,dfsd@adf1.com
282060,ASD1230407963,floor9home,dfsd@adf1.com
282061,ASD1232711586,fan7stick,dfsd@adf1.com
282062,ASD1236349684,run3put,dfsd@adf1.com
282063,ASD1238160727,ring9min,dfsd@adf1.com
282064,ASD1238011355,ring5dog,dfsd@adf1.com
282065,ASD1237481118,pop5done,dfsd@adf1.com
282066,ASD1230805763,date1exit,dfsd@adf1.com
282067,ASD1233709084,stock3plate,dfsd@adf1.com
282068,ASD1233159611,cap4great,dfsd@adf1.com
282069,ASD1239268860,man2run,dfsd@adf1.com
282070,ASD1230477074,save9bake,dfsd@adf1.com
282071,ASD1238303407,goat4sit,dfsd@adf1.com
282114,ASD1234948095,mit8couch,dfsd@adf1.com
282115,ASD1230956276,hip2trick,dfsd@adf1.com
282116,ASD1233819750,coat1mars,dfsd@adf1.com
282117,ASD1236539273,coat2small,dfsd@adf1.com
282118,ASD1232738442,truck1joke,dfsd@adf1.com
282119,ASD1233956856,luck7camp,dfsd@adf1.com
282120,ASD1235523152,fig6small,dfsd@adf1.com
282121,ASD1239515025,mit1ice,dfsd@adf1.com
282122,ASD1234069470,copy5pong,dfsd@adf1.com
282123,ASD1231720177,room0max,dfsd@adf1.com
282124,ASD1232985563,big6meet,dfsd@adf1.com
282125,ASD1236352227,exit8hip,dfsd@adf1.com
282126,ASD1232021148,pop8cap,dfsd@adf1.com
282127,ASD1238329479,not9ship,dfsd@adf1.com
282128,ASD1234439094,bit2ice,dfsd@adf1.com
282129,ASD1234119208,boat4bye,dfsd@adf1.com
282130,ASD1230658822,desk2copy,dfsd@adf1.com
282131,ASD1231928807,jar6fig,dfsd@adf1.com
282132,ASD1233027511,note0pear,dfsd@adf1.com
282133,ASD1230921161,fig1mit,dfsd@adf1.com
282134,ASD1231099607,bus5bake,dfsd@adf1.com
282135,ASD1233525713,kin7run,dfsd@adf1.com
282136,ASD1232884006,min4tack,dfsd@adf1.com
282137,ASD1235010734,trip4small,dfsd@adf1.com
282138,ASD1238114291,hat2tack,dfsd@adf1.com
282139,ASD1232946064,coat2stick,dfsd@adf1.com
282140,ASD1235579824,bat2fish,dfsd@adf1.com
282141,ASD1232278913,puck6take,dfsd@adf1.com
282142,ASD1230199633,pond9pear,dfsd@adf1.com
282143,ASD1233384144,note7ship,dfsd@adf1.com
282144,ASD1233008540,pond7min,dfsd@adf1.com
282145,ASD1234707063,luck5test,dfsd@adf1.com
282146,ASD1231143823,mat9ship,dfsd@adf1.com
282147,ASD1235219726,ding3ran,dfsd@adf1.com
282148,ASD1236764855,hop0boat,dfsd@adf1.com
282149,ASD1236745763,small2bake,dfsd@adf1.com
282150,ASD1236508251,ball6fish,dfsd@adf1.com
282151,ASD1231814834,bit2kid,dfsd@adf1.com
282152,ASD1233383469,pig7hat,dfsd@adf1.com
282153,ASD1238783353,ding1bit,dfsd@adf1.com
282154,ASD1234161642,write7sing,dfsd@adf1.com
282155,ASD1234856405,write7coat,dfsd@adf1.com
282156,ASD1239422704,take0great,dfsd@adf1.com
282157,ASD1236876837,gas9mit,dfsd@adf1.com
282158,ASD1234027991,jig5ping,dfsd@adf1.com
282159,ASD1234477109,nod5home,dfsd@adf1.com
282160,ASD1230309202,home6boat,dfsd@adf1.com
282161,ASD1235740101,roll0song,dfsd@adf1.com
282162,ASD1238547625,bat2mars,dfsd@adf1.com
282163,ASD1239865063,dog3chair,dfsd@adf1.com
282164,ASD1232104150,boat3par,dfsd@adf1.com
282165,ASD1237619124,roll2test,dfsd@adf1.com
282166,ASD1232001117,chair4jar,dfsd@adf1.com
282167,ASD1239364213,exit8hat,dfsd@adf1.com
282168,ASD1235908146,bit8dip,dfsd@adf1.com
282169,ASD1233131161,man7par,dfsd@adf1.com
282170,ASD1233808656,far2kin,dfsd@adf1.com
282171,ASD1235170683,rope6pong,dfsd@adf1.com
282172,ASD1230490945,ice2kid,dfsd@adf1.com
282173,ASD1231404631,dig7put,dfsd@adf1.com
282174,ASD1238192873,song8knot,dfsd@adf1.com
282175,ASD1236646374,note1stick,dfsd@adf1.com
282176,ASD1239913957,ripe9mars,dfsd@adf1.com
282177,ASD1235928692,hope1nod,dfsd@adf1.com
282178,ASD1230181024,save9stage,dfsd@adf1.com
282179,ASD1237999640,man9mars,dfsd@adf1.com
282180,ASD1239407544,gas1home,dfsd@adf1.com
282181,ASD1239406277,coat1pear,dfsd@adf1.com
282182,ASD1235822796,knot7pop,dfsd@adf1.com
282183,ASD1230623871,tack0plate,dfsd@adf1.com
282184,ASD1234571756,pig1chair,dfsd@adf1.com
282185,ASD1235601618,hart4meet,dfsd@adf1.com
282186,ASD1232712922,bit6ripe,dfsd@adf1.com
282187,ASD1237738335,mars0man,dfsd@adf1.com
282188,ASD1236088327,exit1mars,dfsd@adf1.com
282189,ASD1238683049,camp8joke,dfsd@adf1.com
282190,ASD1235433165,sit3horse,dfsd@adf1.com
282191,ASD1239141633,copy5ding,dfsd@adf1.com
282192,ASD1234563374,trip2trick,dfsd@adf1.com
282193,ASD1230884145,code6luck,dfsd@adf1.com
282194,ASD1239366111,write1buy,dfsd@adf1.com
282195,ASD1236866662,mit7man,dfsd@adf1.com
282196,ASD1237864377,pop7horse,dfsd@adf1.com
282197,ASD1237441023,ice0mouse,dfsd@adf1.com
282198,ASD1235483645,ripe8trip,dfsd@adf1.com
282199,ASD1238316959,pig2dog,dfsd@adf1.com
282200,ASD1236371679,ran9car,dfsd@adf1.com
282201,ASD1233710904,meet9great,dfsd@adf1.com
282661,ASD1230617628,song9small,dfsd@adf1.com
282662,ASD1235660895,ring0joke,dfsd@adf1.com
282663,ASD1237737434,car0hip,dfsd@adf1.com
282664,ASD1236705107,ship8bake,dfsd@adf1.com
282665,ASD1230120216,coat9min,dfsd@adf1.com
282666,ASD1235356045,ripe2far,dfsd@adf1.com
282667,ASD1231898826,fog8home,dfsd@adf1.com
282668,ASD1238126883,pen3bye,dfsd@adf1.com
282669,ASD1232943520,buy7goat,dfsd@adf1.com
282670,ASD1236369032,pond7bake,dfsd@adf1.com
282671,ASD1234876100,plane8fish,dfsd@adf1.com
282672,ASD1237442097,nod8kin,dfsd@adf1.com
282673,ASD1236082861,pong9max,dfsd@adf1.com
282674,ASD1238672752,plate1roll,dfsd@adf1.com
282675,ASD1237654210,cat2nod,dfsd@adf1.com
282676,ASD1236785329,mit2puck,dfsd@adf1.com
282677,ASD1234869223,mop5ship,dfsd@adf1.com
282678,ASD1235583682,mouse5not,dfsd@adf1.com
282679,ASD1236759173,nod5exit,dfsd@adf1.com
282680,ASD1239971231,hop1couch,dfsd@adf1.com
282681,ASD1230372153,truck4fog,dfsd@adf1.com
282682,ASD1239376920,date1pop,dfsd@adf1.com
282683,ASD1230225164,save9ding,dfsd@adf1.com
282684,ASD1231678226,cap6hat,dfsd@adf1.com
282685,ASD1235829929,boat5put,dfsd@adf1.com
282686,ASD1234553755,mouse1rope,dfsd@adf1.com
282687,ASD1237530435,pig1par,dfsd@adf1.com
282688,ASD1233539035,ball5bake,dfsd@adf1.com
282689,ASD1239765986,code5hop,dfsd@adf1.com
282690,ASD1239987640,mars2trick,dfsd@adf1.com