test101@zycus.com,eProc@123
test102@zycus.com,eProc@123
test103@zycus.com,eProc@123
test104@zycus.com,eProc@123
test105@zycus.com,eProc@123
test106@zycus.com,eProc@123
test107@zycus.com,eProc@123
test108@zycus.com,eProc@123
test109@zycus.com,eProc@123
test110@zycus.com,eProc@123
test111@zycus.com,eProc@123
test112@zycus.com,eProc@123
test113@zycus.com,eProc@123
test114@zycus.com,eProc@123
test115@zycus.com,eProc@123
test116@zycus.com,eProc@123
test117@zycus.com,eProc@123
test118@zycus.com,eProc@123
test119@zycus.com,eProc@123
test120@zycus.com,eProc@123
test121@zycus.com,eProc@123
test122@zycus.com,eProc@123
test123@zycus.com,eProc@123
test124@zycus.com,eProc@123
test125@zycus.com,eProc@123
test126@zycus.com,eProc@123
test127@zycus.com,eProc@123
test128@zycus.com,eProc@123
test129@zycus.com,eProc@123
test130@zycus.com,eProc@123